alert_id,scenario,scenario_label,sector,zone,issued_at,expires_at,storm_name,storm_type,wind_kph_sustained,wind_kph_gusts,wave_height_m,rainfall_mm_6hr,visibility_km,temperature_c,ice_accretion_mm,severity,source_agency,notes
ALT-A01,SCENARIO-A,Moderate Storm,Ocean / Port Operations,ZONE-PORT,2024-11-14T06:00:00Z,2024-11-14T20:00:00Z,Post-Tropical Patty,Marine Wind Warning,68,90,3.1,14,3.5,4,0,MODERATE,Environment Canada,Wind warning for Avalon coastal waters. Vessel movements restricted for craft under 50m. Container terminal operating at reduced throughput. Cargo crane ops suspended above 65 kph.
ALT-A02,SCENARIO-A,Moderate Storm,Energy / Utilities,ZONE-GRID,2024-11-14T06:00:00Z,2024-11-14T22:00:00Z,Post-Tropical Patty,Wind Warning,62,84,0,10,4.8,3,0,MODERATE,Environment Canada,Inland wind warning across Avalon Peninsula. Feeder line loading approaching design limits. Pre-existing equipment defect on Feeder 7 flagged for monitoring. No outages confirmed yet.
ALT-A03,SCENARIO-A,Moderate Storm,Mining / Remote Industrial Sites,ZONE-MINE,2024-11-14T06:00:00Z,2024-11-15T00:00:00Z,Post-Tropical Patty,Wind Warning,55,78,0,8,6.0,2,0,MODERATE,Environment Canada,Wind warning for Labrador plateau. Surface haul road conditions deteriorating. Open-pit equipment approaching wind rating thresholds. Mine site on elevated watch. No access road closures yet.
ALT-B01,SCENARIO-B,Severe Storm,Ocean / Port Operations,ZONE-PORT,2024-11-14T10:00:00Z,2024-11-15T10:00:00Z,Post-Tropical Patty,Post-Tropical Cyclone,118,145,7.2,58,0.8,1,0,EXTREME,Environment Canada,Rapid intensification. All vessel movements fully suspended. Storm surge warning issued for St. John's harbour. Fuel pier boom barrier operating beyond rated wave height. Life safety risk for any outdoor crew.
ALT-B02,SCENARIO-B,Severe Storm,Energy / Utilities,ZONE-GRID,2024-11-14T10:00:00Z,2024-11-15T08:00:00Z,Post-Tropical Patty,Post-Tropical Cyclone,104,130,0,46,1.2,0,6,EXTREME,Environment Canada,Ice accretion confirmed on Feeder Line 7 transmission infrastructure. Transformer TX-7 failure imminent under combined ice and wind loading. Controlled load shedding required. Repair crew access blocked by road conditions.
ALT-B03,SCENARIO-B,Severe Storm,Mining / Remote Industrial Sites,ZONE-MINE,2024-11-14T10:00:00Z,2024-11-15T06:00:00Z,Post-Tropical Patty,Blizzard Warning,96,120,0,52,0.3,-8,14,EXTREME,Environment Canada,Blizzard conditions at Voisey's Bay. Transport NL has closed the only access road. All helicopter operations suspended. Site fully isolated. 142 personnel on site — headcount and shelter confirmation required.
ALT-C01,SCENARIO-C,Recovery,Ocean / Port Operations,ZONE-PORT,2024-11-15T10:00:00Z,2024-11-15T22:00:00Z,Post-Tropical Patty,Wind Advisory,42,60,2.0,4,9.0,6,0,LOW,Environment Canada,Storm passing. Advisory-level winds remain. Structural assessment required before cargo cranes return to service. First vessel berth window expected 18:00–20:00 subject to harbour inspection clearance.
ALT-C02,SCENARIO-C,Recovery,Energy / Utilities,ZONE-GRID,2024-11-15T10:00:00Z,2024-11-15T22:00:00Z,Post-Tropical Patty,Rainfall Warning,0,0,0,82,11.0,7,0,MODERATE,Environment Canada,Heavy post-storm rainfall. Flooding risk to low-lying substations. Route 60 wash-out reported — delays replacement crew access to Feeder Line 7 by 3 hours. Conditions otherwise improving.
ALT-C03,SCENARIO-C,Recovery,Mining / Remote Industrial Sites,ZONE-MINE,2024-11-15T12:00:00Z,2024-11-16T06:00:00Z,Post-Tropical Patty,Special Weather Statement,36,52,0,8,14.0,-2,0,LOW,Environment Canada,Conditions improving at Voisey's Bay. Road assessment underway via tracked vehicle. Estimated 12–18 hours to restore wheeled vehicle access. Helicopter window expected to open by 16:00.
